location,text
Downtown Fitness,"This gym has excellent equipment and very supportive trainers."
Downtown Fitness,"Trainers are knowledgeable and guide beginners properly."
Downtown Fitness,"Spacious gym with enough equipment for all fitness levels."
Downtown Fitness,"Trainers push you to stay consistent and disciplined."
Downtown Fitness,"Friendly members and motivating community environment."
Downtown Fitness,"Very clean workout area and sanitized machines."
Downtown Fitness,"Nice lighting and ambience that keeps workouts enjoyable."
Downtown Fitness,"Trainers helped me improve my posture and workout form."
Downtown Fitness,"Group classes are energetic and fun to attend."
Downtown Fitness,"Good value for money and decent equipment quality."
Downtown Fitness,"Machines are modern and easy to use for beginners."
Downtown Fitness,"Great place for serious fitness enthusiasts."
Downtown Fitness,"Functional training equipment is very well maintained."
Downtown Fitness,"Staff members are friendly and welcoming overall."
Downtown Fitness,"Equipment arrangement is organized and easy to access."
Downtown Fitness,"Gym ambience is modern and motivating."
Downtown Fitness,"Good balance of cardio and strength training facilities."
Westside Gym,"The gym is overcrowded during evenings which makes workouts difficult."
Westside Gym,"I am cancelling my membership today. The music is unbearable and the staff does not care."
Westside Gym,"Air conditioning was not working properly on multiple occasions."
Westside Gym,"Too crowded after office hours and hard to find free machines."
Westside Gym,"I am seriously thinking about cancelling my membership here. Not worth it anymore."
Westside Gym,"Locker facilities are small and poorly maintained."
Westside Gym,"Reception service needs improvement and faster response."
Westside Gym,"I have cancelled my membership. Broken equipment for months and nobody fixes anything."
Westside Gym,"Steam room was unavailable most of the time."
Westside Gym,"Management should improve customer communication."
Westside Gym,"Done with this place. I am switching to another gym next month."
Westside Gym,"Worst gym in the city. I cancelled and switched to Iron Pulse. Much better."
Westside Gym,"Too many people recording videos inside the gym."
Westside Gym,"Customer support over phone is very slow."
Westside Gym,"Already looking at other gyms. This one has completely gone downhill."
Westside Gym,"Parking charges are unnecessarily expensive."
Iron Pulse Fitness,"Clean environment and friendly staff, really enjoyed my sessions here."
Iron Pulse Fitness,"Great atmosphere and positive workout energy every day."
Iron Pulse Fitness,"Personal training sessions were very motivating and useful."
Iron Pulse Fitness,"The gym feels premium and well organized overall."
Iron Pulse Fitness,"The workout playlists are energetic and keep motivation high."
Iron Pulse Fitness,"Flexible timings make it easy to manage workouts daily."
Iron Pulse Fitness,"Affordable packages and decent facilities for the price."
Iron Pulse Fitness,"Gym is beginner friendly and easy to navigate."
Iron Pulse Fitness,"Plenty of squat racks and free weights available."
Iron Pulse Fitness,"Very motivating atmosphere for regular fitness routines."
Iron Pulse Fitness,"Spacious interiors make workouts comfortable."
Iron Pulse Fitness,"Cardio equipment variety is really impressive."
Iron Pulse Fitness,"Positive vibe and motivating trainers every day."
Iron Pulse Fitness,"Great gym for both beginners and advanced athletes."
Iron Pulse Fitness,"Excellent cardio classes with energetic instructors."
Iron Pulse Fitness,"Nice workout experience with quality equipment."
Iron Pulse Fitness,"Trainers genuinely care about members' fitness progress."
FitZone Club,"Machines are outdated and some treadmills stop working frequently."
FitZone Club,"Parking space is very limited and frustrating during peak hours."
FitZone Club,"I am cancelling my membership next week. The quality has dropped badly."
FitZone Club,"I quit this gym. Missing equipment, rude staff, and terrible hygiene. Never coming back."
FitZone Club,"Trainers focus more on personal training clients than regular members."
FitZone Club,"Staff behavior was inconsistent depending on the day."
FitZone Club,"Gym gets extremely hot when crowded in the evenings."
FitZone Club,"This gym is terrible now. I will be leaving and joining Planet Fitness instead."
FitZone Club,"Too much waiting time for benches during busy hours."
FitZone Club,"Cancelled my annual membership early. This gym is a complete waste of money."
FitZone Club,"Trainers occasionally arrive late for sessions."
FitZone Club,"Not enough stretching space during group sessions."
FitZone Club,"Worst gym experience ever. Requesting a full refund and cancelling today."
FitZone Club,"Weekend crowd management needs serious improvement."
FitZone Club,"Machines were occupied for too long by some members."
FitZone Club,"Staff should pay more attention to cleanliness."
FitZone Club,"Overall a decent gym experience with both strengths and weaknesses."
Urban Strength Gym,"Affordable membership plans compared to other gyms nearby."
Urban Strength Gym,"Loved the cardio section and modern workout machines."
Urban Strength Gym,"Good place for weight training and bodybuilding workouts."
Urban Strength Gym,"Excellent guidance for beginners who are new to fitness."
Urban Strength Gym,"Great variety of equipment for strength and cardio training."
Urban Strength Gym,"Highly professional trainers with good fitness knowledge."
Urban Strength Gym,"Loved the separate functional training area."
Urban Strength Gym,"Excellent cleanliness standards compared to nearby gyms."
Urban Strength Gym,"Trainers are approachable and answer questions patiently."
Urban Strength Gym,"Helpful trainers and supportive workout culture."
Urban Strength Gym,"Excellent support during personal training sessions."
Urban Strength Gym,"Good gym with balanced facilities and decent pricing."
Urban Strength Gym,"Plenty of mirrors and lighting for workout tracking."
Urban Strength Gym,"Trainers helped me stay consistent with my goals."
Urban Strength Gym,"Affordable annual plans with decent offers."
Urban Strength Gym,"Friendly environment and supportive community members."
PowerFlex Fitness,"The changing rooms need much better maintenance and hygiene."
PowerFlex Fitness,"Staff at reception were rude and unhelpful sometimes."
PowerFlex Fitness,"Washrooms were not cleaned regularly and smelled bad."
PowerFlex Fitness,"I have had enough. Cancelling my membership and never coming back to this place."
PowerFlex Fitness,"Monthly fee feels slightly expensive for the facilities provided."
PowerFlex Fitness,"Water dispenser was empty several times during workouts."
PowerFlex Fitness,"Yoga classes felt rushed and not properly managed."
PowerFlex Fitness,"WiFi connection inside the gym was very poor."
PowerFlex Fitness,"The gym closes too early on weekends."
PowerFlex Fitness,"Switching to a better gym. This place does not deserve the membership fee."
PowerFlex Fitness,"Shower facilities require renovation and better maintenance."
PowerFlex Fitness,"The app for attendance tracking crashes frequently."
PowerFlex Fitness,"Membership prices increased without prior notice. Thinking of leaving."
PowerFlex Fitness,"Water leakage near washrooms created inconvenience."
PowerFlex Fitness,"Waiting period for new equipment upgrades is too long."
PowerFlex Fitness,"Reception area feels too congested during busy hours."
PowerFlex Fitness,"Air circulation needs improvement in the weight section."
PowerFlex Fitness,"Absolutely disgusted with the hygiene. Will be cancelling and filing a complaint."
